Family,lambda,quantile,cdf,pdf,mean,variance,skewness,kurtosis
FKML,"(0.004, 1.465, 0.133, 0.138)",9.066541856854956e-16,5.152561433074965e-09,1.2329533562770183e-08,5.865454573000009e-18,2.2286173677823435e-16,4.927828978207316e-14,7.349676423018536e-13
FKML,"(0.5, 2.0, 1.0, 1.0)",5.0060156420974e-16,9.973844333766024e-09,0.0,0.0,3.330669073875471e-16,0.0,2.220446049250313e-16
FKML,"(0.288, 1.162, 0.444, -0.027)",9.537191677542043e-16,2.490230244234226e-13,8.393446682808894e-13,1.7438332257965183e-16,6.84762036983201e-16,2.6645352591003757e-15,8.881784197001252e-16
FKML,"(-0.005, 1.712, -0.136, -0.145)",3.909084603378162e-16,2.0800028366352308e-13,6.495310659202e-13,5.05099341552296e-17,3.3282908421177805e-15,3.154421168716226e-14,1.723066134218243e-13
FKML,"(0.0, 1.0, 0.5, 2.0)",2.0063550213934256e-15,2.490230244234226e-13,2.8437180879620563e-12,5.373955628768125e-16,1.4451250113922498e-15,4.107825191113079e-15,1.4210854715202004e-14
FKML,"(1.0, 0.5, -0.2, 0.3)",1.1465480917219573e-15,9.313092408369528e-09,5.7963574875893635e-09,6.768188562902459e-18,5.703853925074268e-15,7.061018436615996e-14,1.4708234630234074e-12
RS,"(0.017, 0.198, 0.137, 0.133)",7.97676481739445e-16,6.916885952890084e-09,9.387163577531201e-09,1.1301506614567981e-17,5.353489181215331e-15,2.9183253036357826e-14,3.375077994860476e-13
RS,"(0.5, 2.0, 1.0, 1.0)",5.0060156420974e-16,9.9738443615216e-09,0.0,0.0,3.330669073875471e-16,0.0,2.220446049250313e-16
RS,"(0.0, 1.0, 0.1, 0.5)",3.4065445864770506e-16,7.97633525895236e-09,4.166586666676153e-09,1.4402427533239844e-15,1.8975557762674628e-15,6.217248937900877e-15,5.0182080713057076e-14
RS,"(0.0, -0.25, -0.14, -0.14)",3.745857359011021e-16,7.290086312394806e-09,3.575758362662163e-09,0.0,5.257156798184953e-15,0.0,4.3165471197426086e-13
RS,"(0.0, -0.2, -0.05, -0.15)",4.3797343572978673e-16,9.521518462562995e-09,1.5133535106196027e-08,0.0,5.005940448506827e-15,5.329070518200751e-15,3.730349362740526e-13
RS,"(0.0, -1.0, -0.249, 8.0)",1.3598005568589139e-15,9.091487784829155e-09,3.409411052375029e-09,2.26642352430411e-15,8.032475791627908e-15,1.9539925233402755e-13,5.093170329928398e-10
